id,sd,ed,nd
1981-1,1981-01-01,1981-01-10,10
1981-2,1981-01-11,1981-01-20,10
1981-3,1981-01-21,1981-01-31,11
1981-4,1981-02-01,1981-02-10,10
1981-5,1981-02-11,1981-02-20,10
1981-6,1981-02-21,1981-02-28,8
1981-7,1981-03-01,1981-03-10,10
1981-8,1981-03-11,1981-03-20,10
1981-9,1981-03-21,1981-03-31,11
1981-10,1981-04-01,1981-04-10,10
1981-11,1981-04-11,1981-04-20,10
1981-12,1981-04-21,1981-04-30,10
1981-13,1981-05-01,1981-05-10,10
1981-14,1981-05-11,1981-05-20,10
1981-15,1981-05-21,1981-05-31,11
1981-16,1981-06-01,1981-06-10,10
1981-17,1981-06-11,1981-06-20,10
1981-18,1981-06-21,1981-06-30,10
1981-19,1981-07-01,1981-07-10,10
1981-20,1981-07-11,1981-07-20,10
1981-21,1981-07-21,1981-07-31,11
1981-22,1981-08-01,1981-08-10,10
1981-23,1981-08-11,1981-08-20,10
1981-24,1981-08-21,1981-08-31,11
1981-25,1981-09-01,1981-09-10,10
1981-26,1981-09-11,1981-09-20,10
1981-27,1981-09-21,1981-09-30,10
1981-28,1981-10-01,1981-10-10,10
1981-29,1981-10-11,1981-10-20,10
1981-30,1981-10-21,1981-10-31,11
1981-31,1981-11-01,1981-11-10,10
1981-32,1981-11-11,1981-11-20,10
1981-33,1981-11-21,1981-11-30,10
1981-34,1981-12-01,1981-12-10,10
1981-35,1981-12-11,1981-12-20,10
1981-36,1981-12-21,1981-12-31,11
1982-1,1982-01-01,1982-01-10,10
1982-2,1982-01-11,1982-01-20,10
1982-3,1982-01-21,1982-01-31,11
1982-4,1982-02-01,1982-02-10,10
1982-5,1982-02-11,1982-02-20,10
1982-6,1982-02-21,1982-02-28,8
1982-7,1982-03-01,1982-03-10,10
1982-8,1982-03-11,1982-03-20,10
1982-9,1982-03-21,1982-03-31,11
1982-10,1982-04-01,1982-04-10,10
1982-11,1982-04-11,1982-04-20,10
1982-12,1982-04-21,1982-04-30,10
1982-13,1982-05-01,1982-05-10,10
1982-14,1982-05-11,1982-05-20,10
1982-15,1982-05-21,1982-05-31,11
1982-16,1982-06-01,1982-06-10,10
1982-17,1982-06-11,1982-06-20,10
1982-18,1982-06-21,1982-06-30,10
1982-19,1982-07-01,1982-07-10,10
1982-20,1982-07-11,1982-07-20,10
1982-21,1982-07-21,1982-07-31,11
1982-22,1982-08-01,1982-08-10,10
1982-23,1982-08-11,1982-08-20,10
1982-24,1982-08-21,1982-08-31,11
1982-25,1982-09-01,1982-09-10,10
1982-26,1982-09-11,1982-09-20,10
1982-27,1982-09-21,1982-09-30,10
1982-28,1982-10-01,1982-10-10,10
1982-29,1982-10-11,1982-10-20,10
1982-30,1982-10-21,1982-10-31,11
1982-31,1982-11-01,1982-11-10,10
1982-32,1982-11-11,1982-11-20,10
1982-33,1982-11-21,1982-11-30,10
1982-34,1982-12-01,1982-12-10,10
1982-35,1982-12-11,1982-12-20,10
1982-36,1982-12-21,1982-12-31,11
1983-1,1983-01-01,1983-01-10,10
1983-2,1983-01-11,1983-01-20,10
1983-3,1983-01-21,1983-01-31,11
1983-4,1983-02-01,1983-02-10,10
1983-5,1983-02-11,1983-02-20,10
1983-6,1983-02-21,1983-02-28,8
1983-7,1983-03-01,1983-03-10,10
1983-8,1983-03-11,1983-03-20,10
1983-9,1983-03-21,1983-03-31,11
1983-10,1983-04-01,1983-04-10,10
1983-11,1983-04-11,1983-04-20,10
1983-12,1983-04-21,1983-04-30,10
1983-13,1983-05-01,1983-05-10,10
1983-14,1983-05-11,1983-05-20,10
1983-15,1983-05-21,1983-05-31,11
1983-16,1983-06-01,1983-06-10,10
1983-17,1983-06-11,1983-06-20,10
1983-18,1983-06-21,1983-06-30,10
1983-19,1983-07-01,1983-07-10,10
1983-20,1983-07-11,1983-07-20,10
1983-21,1983-07-21,1983-07-31,11
1983-22,1983-08-01,1983-08-10,10
1983-23,1983-08-11,1983-08-20,10
1983-24,1983-08-21,1983-08-31,11
1983-25,1983-09-01,1983-09-10,10
1983-26,1983-09-11,1983-09-20,10
1983-27,1983-09-21,1983-09-30,10
1983-28,1983-10-01,1983-10-10,10
1983-29,1983-10-11,1983-10-20,10
1983-30,1983-10-21,1983-10-31,11
1983-31,1983-11-01,1983-11-10,10
1983-32,1983-11-11,1983-11-20,10
1983-33,1983-11-21,1983-11-30,10
1983-34,1983-12-01,1983-12-10,10
1983-35,1983-12-11,1983-12-20,10
1983-36,1983-12-21,1983-12-31,11
1984-1,1984-01-01,1984-01-10,10
1984-2,1984-01-11,1984-01-20,10
1984-3,1984-01-21,1984-01-31,11
1984-4,1984-02-01,1984-02-10,10
1984-5,1984-02-11,1984-02-20,10
1984-6,1984-02-21,1984-02-29,9
1984-7,1984-03-01,1984-03-10,10
1984-8,1984-03-11,1984-03-20,10
1984-9,1984-03-21,1984-03-31,11
1984-10,1984-04-01,1984-04-10,10
1984-11,1984-04-11,1984-04-20,10
1984-12,1984-04-21,1984-04-30,10
1984-13,1984-05-01,1984-05-10,10
1984-14,1984-05-11,1984-05-20,10
1984-15,1984-05-21,1984-05-31,11
1984-16,1984-06-01,1984-06-10,10
1984-17,1984-06-11,1984-06-20,10
1984-18,1984-06-21,1984-06-30,10
1984-19,1984-07-01,1984-07-10,10
1984-20,1984-07-11,1984-07-20,10
1984-21,1984-07-21,1984-07-31,11
1984-22,1984-08-01,1984-08-10,10
1984-23,1984-08-11,1984-08-20,10
1984-24,1984-08-21,1984-08-31,11
1984-25,1984-09-01,1984-09-10,10
1984-26,1984-09-11,1984-09-20,10
1984-27,1984-09-21,1984-09-30,10
1984-28,1984-10-01,1984-10-10,10
1984-29,1984-10-11,1984-10-20,10
1984-30,1984-10-21,1984-10-31,11
1984-31,1984-11-01,1984-11-10,10
1984-32,1984-11-11,1984-11-20,10
1984-33,1984-11-21,1984-11-30,10
1984-34,1984-12-01,1984-12-10,10
1984-35,1984-12-11,1984-12-20,10
1984-36,1984-12-21,1984-12-31,11
1985-1,1985-01-01,1985-01-10,10
1985-2,1985-01-11,1985-01-20,10
1985-3,1985-01-21,1985-01-31,11
1985-4,1985-02-01,1985-02-10,10
1985-5,1985-02-11,1985-02-20,10
1985-6,1985-02-21,1985-02-28,8
1985-7,1985-03-01,1985-03-10,10
1985-8,1985-03-11,1985-03-20,10
1985-9,1985-03-21,1985-03-31,11
1985-10,1985-04-01,1985-04-10,10
1985-11,1985-04-11,1985-04-20,10
1985-12,1985-04-21,1985-04-30,10
1985-13,1985-05-01,1985-05-10,10
1985-14,1985-05-11,1985-05-20,10
1985-15,1985-05-21,1985-05-31,11
1985-16,1985-06-01,1985-06-10,10
1985-17,1985-06-11,1985-06-20,10
1985-18,1985-06-21,1985-06-30,10
1985-19,1985-07-01,1985-07-10,10
1985-20,1985-07-11,1985-07-20,10
1985-21,1985-07-21,1985-07-31,11
1985-22,1985-08-01,1985-08-10,10
1985-23,1985-08-11,1985-08-20,10
1985-24,1985-08-21,1985-08-31,11
1985-25,1985-09-01,1985-09-10,10
1985-26,1985-09-11,1985-09-20,10
1985-27,1985-09-21,1985-09-30,10
1985-28,1985-10-01,1985-10-10,10
1985-29,1985-10-11,1985-10-20,10
1985-30,1985-10-21,1985-10-31,11
1985-31,1985-11-01,1985-11-10,10
1985-32,1985-11-11,1985-11-20,10
1985-33,1985-11-21,1985-11-30,10
1985-34,1985-12-01,1985-12-10,10
1985-35,1985-12-11,1985-12-20,10
1985-36,1985-12-21,1985-12-31,11
1986-1,1986-01-01,1986-01-10,10
1986-2,1986-01-11,1986-01-20,10
1986-3,1986-01-21,1986-01-31,11
1986-4,1986-02-01,1986-02-10,10
1986-5,1986-02-11,1986-02-20,10
1986-6,1986-02-21,1986-02-28,8
1986-7,1986-03-01,1986-03-10,10
1986-8,1986-03-11,1986-03-20,10
1986-9,1986-03-21,1986-03-31,11
1986-10,1986-04-01,1986-04-10,10
1986-11,1986-04-11,1986-04-20,10
1986-12,1986-04-21,1986-04-30,10
1986-13,1986-05-01,1986-05-10,10
1986-14,1986-05-11,1986-05-20,10
1986-15,1986-05-21,1986-05-31,11
1986-16,1986-06-01,1986-06-10,10
1986-17,1986-06-11,1986-06-20,10
1986-18,1986-06-21,1986-06-30,10
1986-19,1986-07-01,1986-07-10,10
1986-20,1986-07-11,1986-07-20,10
1986-21,1986-07-21,1986-07-31,11
1986-22,1986-08-01,1986-08-10,10
1986-23,1986-08-11,1986-08-20,10
1986-24,1986-08-21,1986-08-31,11
1986-25,1986-09-01,1986-09-10,10
1986-26,1986-09-11,1986-09-20,10
1986-27,1986-09-21,1986-09-30,10
1986-28,1986-10-01,1986-10-10,10
1986-29,1986-10-11,1986-10-20,10
1986-30,1986-10-21,1986-10-31,11
1986-31,1986-11-01,1986-11-10,10
1986-32,1986-11-11,1986-11-20,10
1986-33,1986-11-21,1986-11-30,10
1986-34,1986-12-01,1986-12-10,10
1986-35,1986-12-11,1986-12-20,10
1986-36,1986-12-21,1986-12-31,11
1987-1,1987-01-01,1987-01-10,10
1987-2,1987-01-11,1987-01-20,10
1987-3,1987-01-21,1987-01-31,11
1987-4,1987-02-01,1987-02-10,10
1987-5,1987-02-11,1987-02-20,10
1987-6,1987-02-21,1987-02-28,8
1987-7,1987-03-01,1987-03-10,10
1987-8,1987-03-11,1987-03-20,10
1987-9,1987-03-21,1987-03-31,11
1987-10,1987-04-01,1987-04-10,10
1987-11,1987-04-11,1987-04-20,10
1987-12,1987-04-21,1987-04-30,10
1987-13,1987-05-01,1987-05-10,10
1987-14,1987-05-11,1987-05-20,10
1987-15,1987-05-21,1987-05-31,11
1987-16,1987-06-01,1987-06-10,10
1987-17,1987-06-11,1987-06-20,10
1987-18,1987-06-21,1987-06-30,10
1987-19,1987-07-01,1987-07-10,10
1987-20,1987-07-11,1987-07-20,10
1987-21,1987-07-21,1987-07-31,11
1987-22,1987-08-01,1987-08-10,10
1987-23,1987-08-11,1987-08-20,10
1987-24,1987-08-21,1987-08-31,11
1987-25,1987-09-01,1987-09-10,10
1987-26,1987-09-11,1987-09-20,10
1987-27,1987-09-21,1987-09-30,10
1987-28,1987-10-01,1987-10-10,10
1987-29,1987-10-11,1987-10-20,10
1987-30,1987-10-21,1987-10-31,11
1987-31,1987-11-01,1987-11-10,10
1987-32,1987-11-11,1987-11-20,10
1987-33,1987-11-21,1987-11-30,10
1987-34,1987-12-01,1987-12-10,10
1987-35,1987-12-11,1987-12-20,10
1987-36,1987-12-21,1987-12-31,11
1988-1,1988-01-01,1988-01-10,10
1988-2,1988-01-11,1988-01-20,10
1988-3,1988-01-21,1988-01-31,11
1988-4,1988-02-01,1988-02-10,10
1988-5,1988-02-11,1988-02-20,10
1988-6,1988-02-21,1988-02-29,9
1988-7,1988-03-01,1988-03-10,10
1988-8,1988-03-11,1988-03-20,10
1988-9,1988-03-21,1988-03-31,11
1988-10,1988-04-01,1988-04-10,10
1988-11,1988-04-11,1988-04-20,10
1988-12,1988-04-21,1988-04-30,10
1988-13,1988-05-01,1988-05-10,10
1988-14,1988-05-11,1988-05-20,10
1988-15,1988-05-21,1988-05-31,11
1988-16,1988-06-01,1988-06-10,10
1988-17,1988-06-11,1988-06-20,10
1988-18,1988-06-21,1988-06-30,10
1988-19,1988-07-01,1988-07-10,10
1988-20,1988-07-11,1988-07-20,10
1988-21,1988-07-21,1988-07-31,11
1988-22,1988-08-01,1988-08-10,10
1988-23,1988-08-11,1988-08-20,10
1988-24,1988-08-21,1988-08-31,11
1988-25,1988-09-01,1988-09-10,10
1988-26,1988-09-11,1988-09-20,10
1988-27,1988-09-21,1988-09-30,10
1988-28,1988-10-01,1988-10-10,10
1988-29,1988-10-11,1988-10-20,10
1988-30,1988-10-21,1988-10-31,11
1988-31,1988-11-01,1988-11-10,10
1988-32,1988-11-11,1988-11-20,10
1988-33,1988-11-21,1988-11-30,10
1988-34,1988-12-01,1988-12-10,10
1988-35,1988-12-11,1988-12-20,10
1988-36,1988-12-21,1988-12-31,11
1989-1,1989-01-01,1989-01-10,10
1989-2,1989-01-11,1989-01-20,10
1989-3,1989-01-21,1989-01-31,11
1989-4,1989-02-01,1989-02-10,10
1989-5,1989-02-11,1989-02-20,10
1989-6,1989-02-21,1989-02-28,8
1989-7,1989-03-01,1989-03-10,10
1989-8,1989-03-11,1989-03-20,10
1989-9,1989-03-21,1989-03-31,11
1989-10,1989-04-01,1989-04-10,10
1989-11,1989-04-11,1989-04-20,10
1989-12,1989-04-21,1989-04-30,10
1989-13,1989-05-01,1989-05-10,10
1989-14,1989-05-11,1989-05-20,10
1989-15,1989-05-21,1989-05-31,11
1989-16,1989-06-01,1989-06-10,10
1989-17,1989-06-11,1989-06-20,10
1989-18,1989-06-21,1989-06-30,10
1989-19,1989-07-01,1989-07-10,10
1989-20,1989-07-11,1989-07-20,10
1989-21,1989-07-21,1989-07-31,11
1989-22,1989-08-01,1989-08-10,10
1989-23,1989-08-11,1989-08-20,10
1989-24,1989-08-21,1989-08-31,11
1989-25,1989-09-01,1989-09-10,10
1989-26,1989-09-11,1989-09-20,10
1989-27,1989-09-21,1989-09-30,10
1989-28,1989-10-01,1989-10-10,10
1989-29,1989-10-11,1989-10-20,10
1989-30,1989-10-21,1989-10-31,11
1989-31,1989-11-01,1989-11-10,10
1989-32,1989-11-11,1989-11-20,10
1989-33,1989-11-21,1989-11-30,10
1989-34,1989-12-01,1989-12-10,10
1989-35,1989-12-11,1989-12-20,10
1989-36,1989-12-21,1989-12-31,11
1990-1,1990-01-01,1990-01-10,10
1990-2,1990-01-11,1990-01-20,10
1990-3,1990-01-21,1990-01-31,11
1990-4,1990-02-01,1990-02-10,10
1990-5,1990-02-11,1990-02-20,10
1990-6,1990-02-21,1990-02-28,8
1990-7,1990-03-01,1990-03-10,10
1990-8,1990-03-11,1990-03-20,10
1990-9,1990-03-21,1990-03-31,11
1990-10,1990-04-01,1990-04-10,10
1990-11,1990-04-11,1990-04-20,10
1990-12,1990-04-21,1990-04-30,10
1990-13,1990-05-01,1990-05-10,10
1990-14,1990-05-11,1990-05-20,10
1990-15,1990-05-21,1990-05-31,11
1990-16,1990-06-01,1990-06-10,10
1990-17,1990-06-11,1990-06-20,10
1990-18,1990-06-21,1990-06-30,10
1990-19,1990-07-01,1990-07-10,10
1990-20,1990-07-11,1990-07-20,10
1990-21,1990-07-21,1990-07-31,11
1990-22,1990-08-01,1990-08-10,10
1990-23,1990-08-11,1990-08-20,10
1990-24,1990-08-21,1990-08-31,11
1990-25,1990-09-01,1990-09-10,10
1990-26,1990-09-11,1990-09-20,10
1990-27,1990-09-21,1990-09-30,10
1990-28,1990-10-01,1990-10-10,10
1990-29,1990-10-11,1990-10-20,10
1990-30,1990-10-21,1990-10-31,11
1990-31,1990-11-01,1990-11-10,10
1990-32,1990-11-11,1990-11-20,10
1990-33,1990-11-21,1990-11-30,10
1990-34,1990-12-01,1990-12-10,10
1990-35,1990-12-11,1990-12-20,10
1990-36,1990-12-21,1990-12-31,11
1991-1,1991-01-01,1991-01-10,10
1991-2,1991-01-11,1991-01-20,10
1991-3,1991-01-21,1991-01-31,11
1991-4,1991-02-01,1991-02-10,10
1991-5,1991-02-11,1991-02-20,10
1991-6,1991-02-21,1991-02-28,8
1991-7,1991-03-01,1991-03-10,10
1991-8,1991-03-11,1991-03-20,10
1991-9,1991-03-21,1991-03-31,11
1991-10,1991-04-01,1991-04-10,10
1991-11,1991-04-11,1991-04-20,10
1991-12,1991-04-21,1991-04-30,10
1991-13,1991-05-01,1991-05-10,10
1991-14,1991-05-11,1991-05-20,10
1991-15,1991-05-21,1991-05-31,11
1991-16,1991-06-01,1991-06-10,10
1991-17,1991-06-11,1991-06-20,10
1991-18,1991-06-21,1991-06-30,10
1991-19,1991-07-01,1991-07-10,10
1991-20,1991-07-11,1991-07-20,10
1991-21,1991-07-21,1991-07-31,11
1991-22,1991-08-01,1991-08-10,10
1991-23,1991-08-11,1991-08-20,10
1991-24,1991-08-21,1991-08-31,11
1991-25,1991-09-01,1991-09-10,10
1991-26,1991-09-11,1991-09-20,10
1991-27,1991-09-21,1991-09-30,10
1991-28,1991-10-01,1991-10-10,10
1991-29,1991-10-11,1991-10-20,10
1991-30,1991-10-21,1991-10-31,11
1991-31,1991-11-01,1991-11-10,10
1991-32,1991-11-11,1991-11-20,10
1991-33,1991-11-21,1991-11-30,10
1991-34,1991-12-01,1991-12-10,10
1991-35,1991-12-11,1991-12-20,10
1991-36,1991-12-21,1991-12-31,11
1992-1,1992-01-01,1992-01-10,10
1992-2,1992-01-11,1992-01-20,10
1992-3,1992-01-21,1992-01-31,11
1992-4,1992-02-01,1992-02-10,10
1992-5,1992-02-11,1992-02-20,10
1992-6,1992-02-21,1992-02-29,9
1992-7,1992-03-01,1992-03-10,10
1992-8,1992-03-11,1992-03-20,10
1992-9,1992-03-21,1992-03-31,11
1992-10,1992-04-01,1992-04-10,10
1992-11,1992-04-11,1992-04-20,10
1992-12,1992-04-21,1992-04-30,10
1992-13,1992-05-01,1992-05-10,10
1992-14,1992-05-11,1992-05-20,10
1992-15,1992-05-21,1992-05-31,11
1992-16,1992-06-01,1992-06-10,10
1992-17,1992-06-11,1992-06-20,10
1992-18,1992-06-21,1992-06-30,10
1992-19,1992-07-01,1992-07-10,10
1992-20,1992-07-11,1992-07-20,10
1992-21,1992-07-21,1992-07-31,11
1992-22,1992-08-01,1992-08-10,10
1992-23,1992-08-11,1992-08-20,10
1992-24,1992-08-21,1992-08-31,11
1992-25,1992-09-01,1992-09-10,10
1992-26,1992-09-11,1992-09-20,10
1992-27,1992-09-21,1992-09-30,10
1992-28,1992-10-01,1992-10-10,10
1992-29,1992-10-11,1992-10-20,10
1992-30,1992-10-21,1992-10-31,11
1992-31,1992-11-01,1992-11-10,10
1992-32,1992-11-11,1992-11-20,10
1992-33,1992-11-21,1992-11-30,10
1992-34,1992-12-01,1992-12-10,10
1992-35,1992-12-11,1992-12-20,10
1992-36,1992-12-21,1992-12-31,11
1993-1,1993-01-01,1993-01-10,10
1993-2,1993-01-11,1993-01-20,10
1993-3,1993-01-21,1993-01-31,11
1993-4,1993-02-01,1993-02-10,10
1993-5,1993-02-11,1993-02-20,10
1993-6,1993-02-21,1993-02-28,8
1993-7,1993-03-01,1993-03-10,10
1993-8,1993-03-11,1993-03-20,10
1993-9,1993-03-21,1993-03-31,11
1993-10,1993-04-01,1993-04-10,10
1993-11,1993-04-11,1993-04-20,10
1993-12,1993-04-21,1993-04-30,10
1993-13,1993-05-01,1993-05-10,10
1993-14,1993-05-11,1993-05-20,10
1993-15,1993-05-21,1993-05-31,11
1993-16,1993-06-01,1993-06-10,10
1993-17,1993-06-11,1993-06-20,10
1993-18,1993-06-21,1993-06-30,10
1993-19,1993-07-01,1993-07-10,10
1993-20,1993-07-11,1993-07-20,10
1993-21,1993-07-21,1993-07-31,11
1993-22,1993-08-01,1993-08-10,10
1993-23,1993-08-11,1993-08-20,10
1993-24,1993-08-21,1993-08-31,11
1993-25,1993-09-01,1993-09-10,10
1993-26,1993-09-11,1993-09-20,10
1993-27,1993-09-21,1993-09-30,10
1993-28,1993-10-01,1993-10-10,10
1993-29,1993-10-11,1993-10-20,10
1993-30,1993-10-21,1993-10-31,11
1993-31,1993-11-01,1993-11-10,10
1993-32,1993-11-11,1993-11-20,10
1993-33,1993-11-21,1993-11-30,10
1993-34,1993-12-01,1993-12-10,10
1993-35,1993-12-11,1993-12-20,10
1993-36,1993-12-21,1993-12-31,11
1994-1,1994-01-01,1994-01-10,10
1994-2,1994-01-11,1994-01-20,10
1994-3,1994-01-21,1994-01-31,11
1994-4,1994-02-01,1994-02-10,10
1994-5,1994-02-11,1994-02-20,10
1994-6,1994-02-21,1994-02-28,8
1994-7,1994-03-01,1994-03-10,10
1994-8,1994-03-11,1994-03-20,10
1994-9,1994-03-21,1994-03-31,11
1994-10,1994-04-01,1994-04-10,10
1994-11,1994-04-11,1994-04-20,10
1994-12,1994-04-21,1994-04-30,10
1994-13,1994-05-01,1994-05-10,10
1994-14,1994-05-11,1994-05-20,10
1994-15,1994-05-21,1994-05-31,11
1994-16,1994-06-01,1994-06-10,10
1994-17,1994-06-11,1994-06-20,10
1994-18,1994-06-21,1994-06-30,10
1994-19,1994-07-01,1994-07-10,10
1994-20,1994-07-11,1994-07-20,10
1994-21,1994-07-21,1994-07-31,11
1994-22,1994-08-01,1994-08-10,10
1994-23,1994-08-11,1994-08-20,10
1994-24,1994-08-21,1994-08-31,11
1994-25,1994-09-01,1994-09-10,10
1994-26,1994-09-11,1994-09-20,10
1994-27,1994-09-21,1994-09-30,10
1994-28,1994-10-01,1994-10-10,10
1994-29,1994-10-11,1994-10-20,10
1994-30,1994-10-21,1994-10-31,11
1994-31,1994-11-01,1994-11-10,10
1994-32,1994-11-11,1994-11-20,10
1994-33,1994-11-21,1994-11-30,10
1994-34,1994-12-01,1994-12-10,10
1994-35,1994-12-11,1994-12-20,10
1994-36,1994-12-21,1994-12-31,11
1995-1,1995-01-01,1995-01-10,10
1995-2,1995-01-11,1995-01-20,10
1995-3,1995-01-21,1995-01-31,11
1995-4,1995-02-01,1995-02-10,10
1995-5,1995-02-11,1995-02-20,10
1995-6,1995-02-21,1995-02-28,8
1995-7,1995-03-01,1995-03-10,10
1995-8,1995-03-11,1995-03-20,10
1995-9,1995-03-21,1995-03-31,11
1995-10,1995-04-01,1995-04-10,10
1995-11,1995-04-11,1995-04-20,10
1995-12,1995-04-21,1995-04-30,10
1995-13,1995-05-01,1995-05-10,10
1995-14,1995-05-11,1995-05-20,10
1995-15,1995-05-21,1995-05-31,11
1995-16,1995-06-01,1995-06-10,10
1995-17,1995-06-11,1995-06-20,10
1995-18,1995-06-21,1995-06-30,10
1995-19,1995-07-01,1995-07-10,10
1995-20,1995-07-11,1995-07-20,10
1995-21,1995-07-21,1995-07-31,11
1995-22,1995-08-01,1995-08-10,10
1995-23,1995-08-11,1995-08-20,10
1995-24,1995-08-21,1995-08-31,11
1995-25,1995-09-01,1995-09-10,10
1995-26,1995-09-11,1995-09-20,10
1995-27,1995-09-21,1995-09-30,10
1995-28,1995-10-01,1995-10-10,10
1995-29,1995-10-11,1995-10-20,10
1995-30,1995-10-21,1995-10-31,11
1995-31,1995-11-01,1995-11-10,10
1995-32,1995-11-11,1995-11-20,10
1995-33,1995-11-21,1995-11-30,10
1995-34,1995-12-01,1995-12-10,10
1995-35,1995-12-11,1995-12-20,10
1995-36,1995-12-21,1995-12-31,11
1996-1,1996-01-01,1996-01-10,10
1996-2,1996-01-11,1996-01-20,10
1996-3,1996-01-21,1996-01-31,11
1996-4,1996-02-01,1996-02-10,10
1996-5,1996-02-11,1996-02-20,10
1996-6,1996-02-21,1996-02-29,9
1996-7,1996-03-01,1996-03-10,10
1996-8,1996-03-11,1996-03-20,10
1996-9,1996-03-21,1996-03-31,11
1996-10,1996-04-01,1996-04-10,10
1996-11,1996-04-11,1996-04-20,10
1996-12,1996-04-21,1996-04-30,10
1996-13,1996-05-01,1996-05-10,10
1996-14,1996-05-11,1996-05-20,10
1996-15,1996-05-21,1996-05-31,11
1996-16,1996-06-01,1996-06-10,10
1996-17,1996-06-11,1996-06-20,10
1996-18,1996-06-21,1996-06-30,10
1996-19,1996-07-01,1996-07-10,10
1996-20,1996-07-11,1996-07-20,10
1996-21,1996-07-21,1996-07-31,11
1996-22,1996-08-01,1996-08-10,10
1996-23,1996-08-11,1996-08-20,10
1996-24,1996-08-21,1996-08-31,11
1996-25,1996-09-01,1996-09-10,10
1996-26,1996-09-11,1996-09-20,10
1996-27,1996-09-21,1996-09-30,10
1996-28,1996-10-01,1996-10-10,10
1996-29,1996-10-11,1996-10-20,10
1996-30,1996-10-21,1996-10-31,11
1996-31,1996-11-01,1996-11-10,10
1996-32,1996-11-11,1996-11-20,10
1996-33,1996-11-21,1996-11-30,10
1996-34,1996-12-01,1996-12-10,10
1996-35,1996-12-11,1996-12-20,10
1996-36,1996-12-21,1996-12-31,11
1997-1,1997-01-01,1997-01-10,10
1997-2,1997-01-11,1997-01-20,10
1997-3,1997-01-21,1997-01-31,11
1997-4,1997-02-01,1997-02-10,10
1997-5,1997-02-11,1997-02-20,10
1997-6,1997-02-21,1997-02-28,8
1997-7,1997-03-01,1997-03-10,10
1997-8,1997-03-11,1997-03-20,10
1997-9,1997-03-21,1997-03-31,11
1997-10,1997-04-01,1997-04-10,10
1997-11,1997-04-11,1997-04-20,10
1997-12,1997-04-21,1997-04-30,10
1997-13,1997-05-01,1997-05-10,10
1997-14,1997-05-11,1997-05-20,10
1997-15,1997-05-21,1997-05-31,11
1997-16,1997-06-01,1997-06-10,10
1997-17,1997-06-11,1997-06-20,10
1997-18,1997-06-21,1997-06-30,10
1997-19,1997-07-01,1997-07-10,10
1997-20,1997-07-11,1997-07-20,10
1997-21,1997-07-21,1997-07-31,11
1997-22,1997-08-01,1997-08-10,10
1997-23,1997-08-11,1997-08-20,10
1997-24,1997-08-21,1997-08-31,11
1997-25,1997-09-01,1997-09-10,10
1997-26,1997-09-11,1997-09-20,10
1997-27,1997-09-21,1997-09-30,10
1997-28,1997-10-01,1997-10-10,10
1997-29,1997-10-11,1997-10-20,10
1997-30,1997-10-21,1997-10-31,11
1997-31,1997-11-01,1997-11-10,10
1997-32,1997-11-11,1997-11-20,10
1997-33,1997-11-21,1997-11-30,10
1997-34,1997-12-01,1997-12-10,10
1997-35,1997-12-11,1997-12-20,10
1997-36,1997-12-21,1997-12-31,11
1998-1,1998-01-01,1998-01-10,10
1998-2,1998-01-11,1998-01-20,10
1998-3,1998-01-21,1998-01-31,11
1998-4,1998-02-01,1998-02-10,10
1998-5,1998-02-11,1998-02-20,10
1998-6,1998-02-21,1998-02-28,8
1998-7,1998-03-01,1998-03-10,10
1998-8,1998-03-11,1998-03-20,10
1998-9,1998-03-21,1998-03-31,11
1998-10,1998-04-01,1998-04-10,10
1998-11,1998-04-11,1998-04-20,10
1998-12,1998-04-21,1998-04-30,10
1998-13,1998-05-01,1998-05-10,10
1998-14,1998-05-11,1998-05-20,10
1998-15,1998-05-21,1998-05-31,11
1998-16,1998-06-01,1998-06-10,10
1998-17,1998-06-11,1998-06-20,10
1998-18,1998-06-21,1998-06-30,10
1998-19,1998-07-01,1998-07-10,10
1998-20,1998-07-11,1998-07-20,10
1998-21,1998-07-21,1998-07-31,11
1998-22,1998-08-01,1998-08-10,10
1998-23,1998-08-11,1998-08-20,10
1998-24,1998-08-21,1998-08-31,11
1998-25,1998-09-01,1998-09-10,10
1998-26,1998-09-11,1998-09-20,10
1998-27,1998-09-21,1998-09-30,10
1998-28,1998-10-01,1998-10-10,10
1998-29,1998-10-11,1998-10-20,10
1998-30,1998-10-21,1998-10-31,11
1998-31,1998-11-01,1998-11-10,10
1998-32,1998-11-11,1998-11-20,10
1998-33,1998-11-21,1998-11-30,10
1998-34,1998-12-01,1998-12-10,10
1998-35,1998-12-11,1998-12-20,10
1998-36,1998-12-21,1998-12-31,11
1999-1,1999-01-01,1999-01-10,10
1999-2,1999-01-11,1999-01-20,10
1999-3,1999-01-21,1999-01-31,11
1999-4,1999-02-01,1999-02-10,10
1999-5,1999-02-11,1999-02-20,10
1999-6,1999-02-21,1999-02-28,8
1999-7,1999-03-01,1999-03-10,10
1999-8,1999-03-11,1999-03-20,10
1999-9,1999-03-21,1999-03-31,11
1999-10,1999-04-01,1999-04-10,10
1999-11,1999-04-11,1999-04-20,10
1999-12,1999-04-21,1999-04-30,10
1999-13,1999-05-01,1999-05-10,10
1999-14,1999-05-11,1999-05-20,10
1999-15,1999-05-21,1999-05-31,11
1999-16,1999-06-01,1999-06-10,10
1999-17,1999-06-11,1999-06-20,10
1999-18,1999-06-21,1999-06-30,10
1999-19,1999-07-01,1999-07-10,10
1999-20,1999-07-11,1999-07-20,10
1999-21,1999-07-21,1999-07-31,11
1999-22,1999-08-01,1999-08-10,10
1999-23,1999-08-11,1999-08-20,10
1999-24,1999-08-21,1999-08-31,11
1999-25,1999-09-01,1999-09-10,10
1999-26,1999-09-11,1999-09-20,10
1999-27,1999-09-21,1999-09-30,10
1999-28,1999-10-01,1999-10-10,10
1999-29,1999-10-11,1999-10-20,10
1999-30,1999-10-21,1999-10-31,11
1999-31,1999-11-01,1999-11-10,10
1999-32,1999-11-11,1999-11-20,10
1999-33,1999-11-21,1999-11-30,10
1999-34,1999-12-01,1999-12-10,10
1999-35,1999-12-11,1999-12-20,10
1999-36,1999-12-21,1999-12-31,11
2000-1,2000-01-01,2000-01-10,10
2000-2,2000-01-11,2000-01-20,10
2000-3,2000-01-21,2000-01-31,11
2000-4,2000-02-01,2000-02-10,10
2000-5,2000-02-11,2000-02-20,10
2000-6,2000-02-21,2000-02-29,9
2000-7,2000-03-01,2000-03-10,10
2000-8,2000-03-11,2000-03-20,10
2000-9,2000-03-21,2000-03-31,11
2000-10,2000-04-01,2000-04-10,10
2000-11,2000-04-11,2000-04-20,10
2000-12,2000-04-21,2000-04-30,10
2000-13,2000-05-01,2000-05-10,10
2000-14,2000-05-11,2000-05-20,10
2000-15,2000-05-21,2000-05-31,11
2000-16,2000-06-01,2000-06-10,10
2000-17,2000-06-11,2000-06-20,10
2000-18,2000-06-21,2000-06-30,10
2000-19,2000-07-01,2000-07-10,10
2000-20,2000-07-11,2000-07-20,10
2000-21,2000-07-21,2000-07-31,11
2000-22,2000-08-01,2000-08-10,10
2000-23,2000-08-11,2000-08-20,10
2000-24,2000-08-21,2000-08-31,11
2000-25,2000-09-01,2000-09-10,10
2000-26,2000-09-11,2000-09-20,10
2000-27,2000-09-21,2000-09-30,10
2000-28,2000-10-01,2000-10-10,10
2000-29,2000-10-11,2000-10-20,10
2000-30,2000-10-21,2000-10-31,11
2000-31,2000-11-01,2000-11-10,10
2000-32,2000-11-11,2000-11-20,10
2000-33,2000-11-21,2000-11-30,10
2000-34,2000-12-01,2000-12-10,10
2000-35,2000-12-11,2000-12-20,10
2000-36,2000-12-21,2000-12-31,11
2001-1,2001-01-01,2001-01-10,10
2001-2,2001-01-11,2001-01-20,10
2001-3,2001-01-21,2001-01-31,11
2001-4,2001-02-01,2001-02-10,10
2001-5,2001-02-11,2001-02-20,10
2001-6,2001-02-21,2001-02-28,8
2001-7,2001-03-01,2001-03-10,10
2001-8,2001-03-11,2001-03-20,10
2001-9,2001-03-21,2001-03-31,11
2001-10,2001-04-01,2001-04-10,10
2001-11,2001-04-11,2001-04-20,10
2001-12,2001-04-21,2001-04-30,10
2001-13,2001-05-01,2001-05-10,10
2001-14,2001-05-11,2001-05-20,10
2001-15,2001-05-21,2001-05-31,11
2001-16,2001-06-01,2001-06-10,10
2001-17,2001-06-11,2001-06-20,10
2001-18,2001-06-21,2001-06-30,10
2001-19,2001-07-01,2001-07-10,10
2001-20,2001-07-11,2001-07-20,10
2001-21,2001-07-21,2001-07-31,11
2001-22,2001-08-01,2001-08-10,10
2001-23,2001-08-11,2001-08-20,10
2001-24,2001-08-21,2001-08-31,11
2001-25,2001-09-01,2001-09-10,10
2001-26,2001-09-11,2001-09-20,10
2001-27,2001-09-21,2001-09-30,10
2001-28,2001-10-01,2001-10-10,10
2001-29,2001-10-11,2001-10-20,10
2001-30,2001-10-21,2001-10-31,11
2001-31,2001-11-01,2001-11-10,10
2001-32,2001-11-11,2001-11-20,10
2001-33,2001-11-21,2001-11-30,10
2001-34,2001-12-01,2001-12-10,10
2001-35,2001-12-11,2001-12-20,10
2001-36,2001-12-21,2001-12-31,11
2002-1,2002-01-01,2002-01-10,10
2002-2,2002-01-11,2002-01-20,10
2002-3,2002-01-21,2002-01-31,11
2002-4,2002-02-01,2002-02-10,10
2002-5,2002-02-11,2002-02-20,10
2002-6,2002-02-21,2002-02-28,8
2002-7,2002-03-01,2002-03-10,10
2002-8,2002-03-11,2002-03-20,10
2002-9,2002-03-21,2002-03-31,11
2002-10,2002-04-01,2002-04-10,10
2002-11,2002-04-11,2002-04-20,10
2002-12,2002-04-21,2002-04-30,10
2002-13,2002-05-01,2002-05-10,10
2002-14,2002-05-11,2002-05-20,10
2002-15,2002-05-21,2002-05-31,11
2002-16,2002-06-01,2002-06-10,10
2002-17,2002-06-11,2002-06-20,10
2002-18,2002-06-21,2002-06-30,10
2002-19,2002-07-01,2002-07-10,10
2002-20,2002-07-11,2002-07-20,10
2002-21,2002-07-21,2002-07-31,11
2002-22,2002-08-01,2002-08-10,10
2002-23,2002-08-11,2002-08-20,10
2002-24,2002-08-21,2002-08-31,11
2002-25,2002-09-01,2002-09-10,10
2002-26,2002-09-11,2002-09-20,10
2002-27,2002-09-21,2002-09-30,10
2002-28,2002-10-01,2002-10-10,10
2002-29,2002-10-11,2002-10-20,10
2002-30,2002-10-21,2002-10-31,11
2002-31,2002-11-01,2002-11-10,10
2002-32,2002-11-11,2002-11-20,10
2002-33,2002-11-21,2002-11-30,10
2002-34,2002-12-01,2002-12-10,10
2002-35,2002-12-11,2002-12-20,10
2002-36,2002-12-21,2002-12-31,11
2003-1,2003-01-01,2003-01-10,10
2003-2,2003-01-11,2003-01-20,10
2003-3,2003-01-21,2003-01-31,11
2003-4,2003-02-01,2003-02-10,10
2003-5,2003-02-11,2003-02-20,10
2003-6,2003-02-21,2003-02-28,8
2003-7,2003-03-01,2003-03-10,10
2003-8,2003-03-11,2003-03-20,10
2003-9,2003-03-21,2003-03-31,11
2003-10,2003-04-01,2003-04-10,10
2003-11,2003-04-11,2003-04-20,10
2003-12,2003-04-21,2003-04-30,10
2003-13,2003-05-01,2003-05-10,10
2003-14,2003-05-11,2003-05-20,10
2003-15,2003-05-21,2003-05-31,11
2003-16,2003-06-01,2003-06-10,10
2003-17,2003-06-11,2003-06-20,10
2003-18,2003-06-21,2003-06-30,10
2003-19,2003-07-01,2003-07-10,10
2003-20,2003-07-11,2003-07-20,10
2003-21,2003-07-21,2003-07-31,11
2003-22,2003-08-01,2003-08-10,10
2003-23,2003-08-11,2003-08-20,10
2003-24,2003-08-21,2003-08-31,11
2003-25,2003-09-01,2003-09-10,10
2003-26,2003-09-11,2003-09-20,10
2003-27,2003-09-21,2003-09-30,10
2003-28,2003-10-01,2003-10-10,10
2003-29,2003-10-11,2003-10-20,10
2003-30,2003-10-21,2003-10-31,11
2003-31,2003-11-01,2003-11-10,10
2003-32,2003-11-11,2003-11-20,10
2003-33,2003-11-21,2003-11-30,10
2003-34,2003-12-01,2003-12-10,10
2003-35,2003-12-11,2003-12-20,10
2003-36,2003-12-21,2003-12-31,11
2004-1,2004-01-01,2004-01-10,10
2004-2,2004-01-11,2004-01-20,10
2004-3,2004-01-21,2004-01-31,11
2004-4,2004-02-01,2004-02-10,10
2004-5,2004-02-11,2004-02-20,10
2004-6,2004-02-21,2004-02-29,9
2004-7,2004-03-01,2004-03-10,10
2004-8,2004-03-11,2004-03-20,10
2004-9,2004-03-21,2004-03-31,11
2004-10,2004-04-01,2004-04-10,10
2004-11,2004-04-11,2004-04-20,10
2004-12,2004-04-21,2004-04-30,10
2004-13,2004-05-01,2004-05-10,10
2004-14,2004-05-11,2004-05-20,10
2004-15,2004-05-21,2004-05-31,11
2004-16,2004-06-01,2004-06-10,10
2004-17,2004-06-11,2004-06-20,10
2004-18,2004-06-21,2004-06-30,10
2004-19,2004-07-01,2004-07-10,10
2004-20,2004-07-11,2004-07-20,10
2004-21,2004-07-21,2004-07-31,11
2004-22,2004-08-01,2004-08-10,10
2004-23,2004-08-11,2004-08-20,10
2004-24,2004-08-21,2004-08-31,11
2004-25,2004-09-01,2004-09-10,10
2004-26,2004-09-11,2004-09-20,10
2004-27,2004-09-21,2004-09-30,10
2004-28,2004-10-01,2004-10-10,10
2004-29,2004-10-11,2004-10-20,10
2004-30,2004-10-21,2004-10-31,11
2004-31,2004-11-01,2004-11-10,10
2004-32,2004-11-11,2004-11-20,10
2004-33,2004-11-21,2004-11-30,10
2004-34,2004-12-01,2004-12-10,10
2004-35,2004-12-11,2004-12-20,10
2004-36,2004-12-21,2004-12-31,11
2005-1,2005-01-01,2005-01-10,10
2005-2,2005-01-11,2005-01-20,10
2005-3,2005-01-21,2005-01-31,11
2005-4,2005-02-01,2005-02-10,10
2005-5,2005-02-11,2005-02-20,10
2005-6,2005-02-21,2005-02-28,8
2005-7,2005-03-01,2005-03-10,10
2005-8,2005-03-11,2005-03-20,10
2005-9,2005-03-21,2005-03-31,11
2005-10,2005-04-01,2005-04-10,10
2005-11,2005-04-11,2005-04-20,10
2005-12,2005-04-21,2005-04-30,10
2005-13,2005-05-01,2005-05-10,10
2005-14,2005-05-11,2005-05-20,10
2005-15,2005-05-21,2005-05-31,11
2005-16,2005-06-01,2005-06-10,10
2005-17,2005-06-11,2005-06-20,10
2005-18,2005-06-21,2005-06-30,10
2005-19,2005-07-01,2005-07-10,10
2005-20,2005-07-11,2005-07-20,10
2005-21,2005-07-21,2005-07-31,11
2005-22,2005-08-01,2005-08-10,10
2005-23,2005-08-11,2005-08-20,10
2005-24,2005-08-21,2005-08-31,11
2005-25,2005-09-01,2005-09-10,10
2005-26,2005-09-11,2005-09-20,10
2005-27,2005-09-21,2005-09-30,10
2005-28,2005-10-01,2005-10-10,10
2005-29,2005-10-11,2005-10-20,10
2005-30,2005-10-21,2005-10-31,11
2005-31,2005-11-01,2005-11-10,10
2005-32,2005-11-11,2005-11-20,10
2005-33,2005-11-21,2005-11-30,10
2005-34,2005-12-01,2005-12-10,10
2005-35,2005-12-11,2005-12-20,10
2005-36,2005-12-21,2005-12-31,11
2006-1,2006-01-01,2006-01-10,10
2006-2,2006-01-11,2006-01-20,10
2006-3,2006-01-21,2006-01-31,11
2006-4,2006-02-01,2006-02-10,10
2006-5,2006-02-11,2006-02-20,10
2006-6,2006-02-21,2006-02-28,8
2006-7,2006-03-01,2006-03-10,10
2006-8,2006-03-11,2006-03-20,10
2006-9,2006-03-21,2006-03-31,11
2006-10,2006-04-01,2006-04-10,10
2006-11,2006-04-11,2006-04-20,10
2006-12,2006-04-21,2006-04-30,10
2006-13,2006-05-01,2006-05-10,10
2006-14,2006-05-11,2006-05-20,10
2006-15,2006-05-21,2006-05-31,11
2006-16,2006-06-01,2006-06-10,10
2006-17,2006-06-11,2006-06-20,10
2006-18,2006-06-21,2006-06-30,10
2006-19,2006-07-01,2006-07-10,10
2006-20,2006-07-11,2006-07-20,10
2006-21,2006-07-21,2006-07-31,11
2006-22,2006-08-01,2006-08-10,10
2006-23,2006-08-11,2006-08-20,10
2006-24,2006-08-21,2006-08-31,11
2006-25,2006-09-01,2006-09-10,10
2006-26,2006-09-11,2006-09-20,10
2006-27,2006-09-21,2006-09-30,10
2006-28,2006-10-01,2006-10-10,10
2006-29,2006-10-11,2006-10-20,10
2006-30,2006-10-21,2006-10-31,11
2006-31,2006-11-01,2006-11-10,10
2006-32,2006-11-11,2006-11-20,10
2006-33,2006-11-21,2006-11-30,10
2006-34,2006-12-01,2006-12-10,10
2006-35,2006-12-11,2006-12-20,10
2006-36,2006-12-21,2006-12-31,11
2007-1,2007-01-01,2007-01-10,10
2007-2,2007-01-11,2007-01-20,10
2007-3,2007-01-21,2007-01-31,11
2007-4,2007-02-01,2007-02-10,10
2007-5,2007-02-11,2007-02-20,10
2007-6,2007-02-21,2007-02-28,8
2007-7,2007-03-01,2007-03-10,10
2007-8,2007-03-11,2007-03-20,10
2007-9,2007-03-21,2007-03-31,11
2007-10,2007-04-01,2007-04-10,10
2007-11,2007-04-11,2007-04-20,10
2007-12,2007-04-21,2007-04-30,10
2007-13,2007-05-01,2007-05-10,10
2007-14,2007-05-11,2007-05-20,10
2007-15,2007-05-21,2007-05-31,11
2007-16,2007-06-01,2007-06-10,10
2007-17,2007-06-11,2007-06-20,10
2007-18,2007-06-21,2007-06-30,10
2007-19,2007-07-01,2007-07-10,10
2007-20,2007-07-11,2007-07-20,10
2007-21,2007-07-21,2007-07-31,11
2007-22,2007-08-01,2007-08-10,10
2007-23,2007-08-11,2007-08-20,10
2007-24,2007-08-21,2007-08-31,11
2007-25,2007-09-01,2007-09-10,10
2007-26,2007-09-11,2007-09-20,10
2007-27,2007-09-21,2007-09-30,10
2007-28,2007-10-01,2007-10-10,10
2007-29,2007-10-11,2007-10-20,10
2007-30,2007-10-21,2007-10-31,11
2007-31,2007-11-01,2007-11-10,10
2007-32,2007-11-11,2007-11-20,10
2007-33,2007-11-21,2007-11-30,10
2007-34,2007-12-01,2007-12-10,10
2007-35,2007-12-11,2007-12-20,10
2007-36,2007-12-21,2007-12-31,11
2008-1,2008-01-01,2008-01-10,10
2008-2,2008-01-11,2008-01-20,10
2008-3,2008-01-21,2008-01-31,11
2008-4,2008-02-01,2008-02-10,10
2008-5,2008-02-11,2008-02-20,10
2008-6,2008-02-21,2008-02-29,9
2008-7,2008-03-01,2008-03-10,10
2008-8,2008-03-11,2008-03-20,10
2008-9,2008-03-21,2008-03-31,11
2008-10,2008-04-01,2008-04-10,10
2008-11,2008-04-11,2008-04-20,10
2008-12,2008-04-21,2008-04-30,10
2008-13,2008-05-01,2008-05-10,10
2008-14,2008-05-11,2008-05-20,10
2008-15,2008-05-21,2008-05-31,11
2008-16,2008-06-01,2008-06-10,10
2008-17,2008-06-11,2008-06-20,10
2008-18,2008-06-21,2008-06-30,10
2008-19,2008-07-01,2008-07-10,10
2008-20,2008-07-11,2008-07-20,10
2008-21,2008-07-21,2008-07-31,11
2008-22,2008-08-01,2008-08-10,10
2008-23,2008-08-11,2008-08-20,10
2008-24,2008-08-21,2008-08-31,11
2008-25,2008-09-01,2008-09-10,10
2008-26,2008-09-11,2008-09-20,10
2008-27,2008-09-21,2008-09-30,10
2008-28,2008-10-01,2008-10-10,10
2008-29,2008-10-11,2008-10-20,10
2008-30,2008-10-21,2008-10-31,11
2008-31,2008-11-01,2008-11-10,10
2008-32,2008-11-11,2008-11-20,10
2008-33,2008-11-21,2008-11-30,10
2008-34,2008-12-01,2008-12-10,10
2008-35,2008-12-11,2008-12-20,10
2008-36,2008-12-21,2008-12-31,11
2009-1,2009-01-01,2009-01-10,10
2009-2,2009-01-11,2009-01-20,10
2009-3,2009-01-21,2009-01-31,11
2009-4,2009-02-01,2009-02-10,10
2009-5,2009-02-11,2009-02-20,10
2009-6,2009-02-21,2009-02-28,8
2009-7,2009-03-01,2009-03-10,10
2009-8,2009-03-11,2009-03-20,10
2009-9,2009-03-21,2009-03-31,11
2009-10,2009-04-01,2009-04-10,10
2009-11,2009-04-11,2009-04-20,10
2009-12,2009-04-21,2009-04-30,10
2009-13,2009-05-01,2009-05-10,10
2009-14,2009-05-11,2009-05-20,10
2009-15,2009-05-21,2009-05-31,11
2009-16,2009-06-01,2009-06-10,10
2009-17,2009-06-11,2009-06-20,10
2009-18,2009-06-21,2009-06-30,10
2009-19,2009-07-01,2009-07-10,10
2009-20,2009-07-11,2009-07-20,10
2009-21,2009-07-21,2009-07-31,11
2009-22,2009-08-01,2009-08-10,10
2009-23,2009-08-11,2009-08-20,10
2009-24,2009-08-21,2009-08-31,11
2009-25,2009-09-01,2009-09-10,10
2009-26,2009-09-11,2009-09-20,10
2009-27,2009-09-21,2009-09-30,10
2009-28,2009-10-01,2009-10-10,10
2009-29,2009-10-11,2009-10-20,10
2009-30,2009-10-21,2009-10-31,11
2009-31,2009-11-01,2009-11-10,10
2009-32,2009-11-11,2009-11-20,10
2009-33,2009-11-21,2009-11-30,10
2009-34,2009-12-01,2009-12-10,10
2009-35,2009-12-11,2009-12-20,10
2009-36,2009-12-21,2009-12-31,11
2010-1,2010-01-01,2010-01-10,10
2010-2,2010-01-11,2010-01-20,10
2010-3,2010-01-21,2010-01-31,11
2010-4,2010-02-01,2010-02-10,10
2010-5,2010-02-11,2010-02-20,10
2010-6,2010-02-21,2010-02-28,8
2010-7,2010-03-01,2010-03-10,10
2010-8,2010-03-11,2010-03-20,10
2010-9,2010-03-21,2010-03-31,11
2010-10,2010-04-01,2010-04-10,10
2010-11,2010-04-11,2010-04-20,10
2010-12,2010-04-21,2010-04-30,10
2010-13,2010-05-01,2010-05-10,10
2010-14,2010-05-11,2010-05-20,10
2010-15,2010-05-21,2010-05-31,11
2010-16,2010-06-01,2010-06-10,10
2010-17,2010-06-11,2010-06-20,10
2010-18,2010-06-21,2010-06-30,10
2010-19,2010-07-01,2010-07-10,10
2010-20,2010-07-11,2010-07-20,10
2010-21,2010-07-21,2010-07-31,11
2010-22,2010-08-01,2010-08-10,10
2010-23,2010-08-11,2010-08-20,10
2010-24,2010-08-21,2010-08-31,11
2010-25,2010-09-01,2010-09-10,10
2010-26,2010-09-11,2010-09-20,10
2010-27,2010-09-21,2010-09-30,10
2010-28,2010-10-01,2010-10-10,10
2010-29,2010-10-11,2010-10-20,10
2010-30,2010-10-21,2010-10-31,11
2010-31,2010-11-01,2010-11-10,10
2010-32,2010-11-11,2010-11-20,10
2010-33,2010-11-21,2010-11-30,10
2010-34,2010-12-01,2010-12-10,10
2010-35,2010-12-11,2010-12-20,10
2010-36,2010-12-21,2010-12-31,11
2011-1,2011-01-01,2011-01-10,10
2011-2,2011-01-11,2011-01-20,10
2011-3,2011-01-21,2011-01-31,11
2011-4,2011-02-01,2011-02-10,10
2011-5,2011-02-11,2011-02-20,10
2011-6,2011-02-21,2011-02-28,8
2011-7,2011-03-01,2011-03-10,10
2011-8,2011-03-11,2011-03-20,10
2011-9,2011-03-21,2011-03-31,11
2011-10,2011-04-01,2011-04-10,10
2011-11,2011-04-11,2011-04-20,10
2011-12,2011-04-21,2011-04-30,10
2011-13,2011-05-01,2011-05-10,10
2011-14,2011-05-11,2011-05-20,10
2011-15,2011-05-21,2011-05-31,11
2011-16,2011-06-01,2011-06-10,10
2011-17,2011-06-11,2011-06-20,10
2011-18,2011-06-21,2011-06-30,10
2011-19,2011-07-01,2011-07-10,10
2011-20,2011-07-11,2011-07-20,10
2011-21,2011-07-21,2011-07-31,11
2011-22,2011-08-01,2011-08-10,10
2011-23,2011-08-11,2011-08-20,10
2011-24,2011-08-21,2011-08-31,11
2011-25,2011-09-01,2011-09-10,10
2011-26,2011-09-11,2011-09-20,10
2011-27,2011-09-21,2011-09-30,10
2011-28,2011-10-01,2011-10-10,10
2011-29,2011-10-11,2011-10-20,10
2011-30,2011-10-21,2011-10-31,11
2011-31,2011-11-01,2011-11-10,10
2011-32,2011-11-11,2011-11-20,10
2011-33,2011-11-21,2011-11-30,10
2011-34,2011-12-01,2011-12-10,10
2011-35,2011-12-11,2011-12-20,10
2011-36,2011-12-21,2011-12-31,11
2012-1,2012-01-01,2012-01-10,10
2012-2,2012-01-11,2012-01-20,10
2012-3,2012-01-21,2012-01-31,11
2012-4,2012-02-01,2012-02-10,10
2012-5,2012-02-11,2012-02-20,10
2012-6,2012-02-21,2012-02-29,9
2012-7,2012-03-01,2012-03-10,10
2012-8,2012-03-11,2012-03-20,10
2012-9,2012-03-21,2012-03-31,11
2012-10,2012-04-01,2012-04-10,10
2012-11,2012-04-11,2012-04-20,10
2012-12,2012-04-21,2012-04-30,10
2012-13,2012-05-01,2012-05-10,10
2012-14,2012-05-11,2012-05-20,10
2012-15,2012-05-21,2012-05-31,11
2012-16,2012-06-01,2012-06-10,10
2012-17,2012-06-11,2012-06-20,10
2012-18,2012-06-21,2012-06-30,10
2012-19,2012-07-01,2012-07-10,10
2012-20,2012-07-11,2012-07-20,10
2012-21,2012-07-21,2012-07-31,11
2012-22,2012-08-01,2012-08-10,10
2012-23,2012-08-11,2012-08-20,10
2012-24,2012-08-21,2012-08-31,11
2012-25,2012-09-01,2012-09-10,10
2012-26,2012-09-11,2012-09-20,10
2012-27,2012-09-21,2012-09-30,10
2012-28,2012-10-01,2012-10-10,10
2012-29,2012-10-11,2012-10-20,10
2012-30,2012-10-21,2012-10-31,11
2012-31,2012-11-01,2012-11-10,10
2012-32,2012-11-11,2012-11-20,10
2012-33,2012-11-21,2012-11-30,10
2012-34,2012-12-01,2012-12-10,10
2012-35,2012-12-11,2012-12-20,10
2012-36,2012-12-21,2012-12-31,11
2013-1,2013-01-01,2013-01-10,10
2013-2,2013-01-11,2013-01-20,10
2013-3,2013-01-21,2013-01-31,11
2013-4,2013-02-01,2013-02-10,10
2013-5,2013-02-11,2013-02-20,10
2013-6,2013-02-21,2013-02-28,8
2013-7,2013-03-01,2013-03-10,10
2013-8,2013-03-11,2013-03-20,10
2013-9,2013-03-21,2013-03-31,11
2013-10,2013-04-01,2013-04-10,10
2013-11,2013-04-11,2013-04-20,10
2013-12,2013-04-21,2013-04-30,10
2013-13,2013-05-01,2013-05-10,10
2013-14,2013-05-11,2013-05-20,10
2013-15,2013-05-21,2013-05-31,11
2013-16,2013-06-01,2013-06-10,10
2013-17,2013-06-11,2013-06-20,10
2013-18,2013-06-21,2013-06-30,10
2013-19,2013-07-01,2013-07-10,10
2013-20,2013-07-11,2013-07-20,10
2013-21,2013-07-21,2013-07-31,11
2013-22,2013-08-01,2013-08-10,10
2013-23,2013-08-11,2013-08-20,10
2013-24,2013-08-21,2013-08-31,11
2013-25,2013-09-01,2013-09-10,10
2013-26,2013-09-11,2013-09-20,10
2013-27,2013-09-21,2013-09-30,10
2013-28,2013-10-01,2013-10-10,10
2013-29,2013-10-11,2013-10-20,10
2013-30,2013-10-21,2013-10-31,11
2013-31,2013-11-01,2013-11-10,10
2013-32,2013-11-11,2013-11-20,10
2013-33,2013-11-21,2013-11-30,10
2013-34,2013-12-01,2013-12-10,10
2013-35,2013-12-11,2013-12-20,10
2013-36,2013-12-21,2013-12-31,11
2014-1,2014-01-01,2014-01-10,10
2014-2,2014-01-11,2014-01-20,10
2014-3,2014-01-21,2014-01-31,11
2014-4,2014-02-01,2014-02-10,10
2014-5,2014-02-11,2014-02-20,10
2014-6,2014-02-21,2014-02-28,8
2014-7,2014-03-01,2014-03-10,10
2014-8,2014-03-11,2014-03-20,10
2014-9,2014-03-21,2014-03-31,11
2014-10,2014-04-01,2014-04-10,10
2014-11,2014-04-11,2014-04-20,10
2014-12,2014-04-21,2014-04-30,10
2014-13,2014-05-01,2014-05-10,10
2014-14,2014-05-11,2014-05-20,10
2014-15,2014-05-21,2014-05-31,11
2014-16,2014-06-01,2014-06-10,10
2014-17,2014-06-11,2014-06-20,10
2014-18,2014-06-21,2014-06-30,10
2014-19,2014-07-01,2014-07-10,10
2014-20,2014-07-11,2014-07-20,10
2014-21,2014-07-21,2014-07-31,11
2014-22,2014-08-01,2014-08-10,10
2014-23,2014-08-11,2014-08-20,10
2014-24,2014-08-21,2014-08-31,11
2014-25,2014-09-01,2014-09-10,10
2014-26,2014-09-11,2014-09-20,10
2014-27,2014-09-21,2014-09-30,10
2014-28,2014-10-01,2014-10-10,10
2014-29,2014-10-11,2014-10-20,10
2014-30,2014-10-21,2014-10-31,11
2014-31,2014-11-01,2014-11-10,10
2014-32,2014-11-11,2014-11-20,10
2014-33,2014-11-21,2014-11-30,10
2014-34,2014-12-01,2014-12-10,10
2014-35,2014-12-11,2014-12-20,10
2014-36,2014-12-21,2014-12-31,11
2015-1,2015-01-01,2015-01-10,10
2015-2,2015-01-11,2015-01-20,10
2015-3,2015-01-21,2015-01-31,11
2015-4,2015-02-01,2015-02-10,10
2015-5,2015-02-11,2015-02-20,10
2015-6,2015-02-21,2015-02-28,8
2015-7,2015-03-01,2015-03-10,10
2015-8,2015-03-11,2015-03-20,10
2015-9,2015-03-21,2015-03-31,11
2015-10,2015-04-01,2015-04-10,10
2015-11,2015-04-11,2015-04-20,10
2015-12,2015-04-21,2015-04-30,10
2015-13,2015-05-01,2015-05-10,10
2015-14,2015-05-11,2015-05-20,10
2015-15,2015-05-21,2015-05-31,11
2015-16,2015-06-01,2015-06-10,10
2015-17,2015-06-11,2015-06-20,10
2015-18,2015-06-21,2015-06-30,10
2015-19,2015-07-01,2015-07-10,10
2015-20,2015-07-11,2015-07-20,10
2015-21,2015-07-21,2015-07-31,11
2015-22,2015-08-01,2015-08-10,10
2015-23,2015-08-11,2015-08-20,10
2015-24,2015-08-21,2015-08-31,11
2015-25,2015-09-01,2015-09-10,10
2015-26,2015-09-11,2015-09-20,10
2015-27,2015-09-21,2015-09-30,10
2015-28,2015-10-01,2015-10-10,10
2015-29,2015-10-11,2015-10-20,10
2015-30,2015-10-21,2015-10-31,11
2015-31,2015-11-01,2015-11-10,10
2015-32,2015-11-11,2015-11-20,10
2015-33,2015-11-21,2015-11-30,10
2015-34,2015-12-01,2015-12-10,10
2015-35,2015-12-11,2015-12-20,10
2015-36,2015-12-21,2015-12-31,11
2016-1,2016-01-01,2016-01-10,10
2016-2,2016-01-11,2016-01-20,10
2016-3,2016-01-21,2016-01-31,11
2016-4,2016-02-01,2016-02-10,10
2016-5,2016-02-11,2016-02-20,10
2016-6,2016-02-21,2016-02-29,9
2016-7,2016-03-01,2016-03-10,10
2016-8,2016-03-11,2016-03-20,10
2016-9,2016-03-21,2016-03-31,11
2016-10,2016-04-01,2016-04-10,10
2016-11,2016-04-11,2016-04-20,10
2016-12,2016-04-21,2016-04-30,10
2016-13,2016-05-01,2016-05-10,10
2016-14,2016-05-11,2016-05-20,10
2016-15,2016-05-21,2016-05-31,11
2016-16,2016-06-01,2016-06-10,10
2016-17,2016-06-11,2016-06-20,10
2016-18,2016-06-21,2016-06-30,10
2016-19,2016-07-01,2016-07-10,10
2016-20,2016-07-11,2016-07-20,10
2016-21,2016-07-21,2016-07-31,11
2016-22,2016-08-01,2016-08-10,10
2016-23,2016-08-11,2016-08-20,10
2016-24,2016-08-21,2016-08-31,11
2016-25,2016-09-01,2016-09-10,10
2016-26,2016-09-11,2016-09-20,10
2016-27,2016-09-21,2016-09-30,10
2016-28,2016-10-01,2016-10-10,10
2016-29,2016-10-11,2016-10-20,10
2016-30,2016-10-21,2016-10-31,11
2016-31,2016-11-01,2016-11-10,10
2016-32,2016-11-11,2016-11-20,10
2016-33,2016-11-21,2016-11-30,10
2016-34,2016-12-01,2016-12-10,10
2016-35,2016-12-11,2016-12-20,10
2016-36,2016-12-21,2016-12-31,11
2017-1,2017-01-01,2017-01-10,10
2017-2,2017-01-11,2017-01-20,10
2017-3,2017-01-21,2017-01-31,11
2017-4,2017-02-01,2017-02-10,10
2017-5,2017-02-11,2017-02-20,10
2017-6,2017-02-21,2017-02-28,8
2017-7,2017-03-01,2017-03-10,10
2017-8,2017-03-11,2017-03-20,10
2017-9,2017-03-21,2017-03-31,11
2017-10,2017-04-01,2017-04-10,10
2017-11,2017-04-11,2017-04-20,10
2017-12,2017-04-21,2017-04-30,10
2017-13,2017-05-01,2017-05-10,10
2017-14,2017-05-11,2017-05-20,10
2017-15,2017-05-21,2017-05-31,11
2017-16,2017-06-01,2017-06-10,10
2017-17,2017-06-11,2017-06-20,10
2017-18,2017-06-21,2017-06-30,10
2017-19,2017-07-01,2017-07-10,10
2017-20,2017-07-11,2017-07-20,10
2017-21,2017-07-21,2017-07-31,11
2017-22,2017-08-01,2017-08-10,10
2017-23,2017-08-11,2017-08-20,10
2017-24,2017-08-21,2017-08-31,11
2017-25,2017-09-01,2017-09-10,10
2017-26,2017-09-11,2017-09-20,10
2017-27,2017-09-21,2017-09-30,10
2017-28,2017-10-01,2017-10-10,10
2017-29,2017-10-11,2017-10-20,10
2017-30,2017-10-21,2017-10-31,11
2017-31,2017-11-01,2017-11-10,10
2017-32,2017-11-11,2017-11-20,10
2017-33,2017-11-21,2017-11-30,10
2017-34,2017-12-01,2017-12-10,10
2017-35,2017-12-11,2017-12-20,10
2017-36,2017-12-21,2017-12-31,11
2018-1,2018-01-01,2018-01-10,10
2018-2,2018-01-11,2018-01-20,10
2018-3,2018-01-21,2018-01-31,11
2018-4,2018-02-01,2018-02-10,10
2018-5,2018-02-11,2018-02-20,10
2018-6,2018-02-21,2018-02-28,8
2018-7,2018-03-01,2018-03-10,10
2018-8,2018-03-11,2018-03-20,10
2018-9,2018-03-21,2018-03-31,11
2018-10,2018-04-01,2018-04-10,10
2018-11,2018-04-11,2018-04-20,10
2018-12,2018-04-21,2018-04-30,10
2018-13,2018-05-01,2018-05-10,10
2018-14,2018-05-11,2018-05-20,10
2018-15,2018-05-21,2018-05-31,11
2018-16,2018-06-01,2018-06-10,10
2018-17,2018-06-11,2018-06-20,10
2018-18,2018-06-21,2018-06-30,10
2018-19,2018-07-01,2018-07-10,10
2018-20,2018-07-11,2018-07-20,10
2018-21,2018-07-21,2018-07-31,11
2018-22,2018-08-01,2018-08-10,10
2018-23,2018-08-11,2018-08-20,10
2018-24,2018-08-21,2018-08-31,11
2018-25,2018-09-01,2018-09-10,10
2018-26,2018-09-11,2018-09-20,10
2018-27,2018-09-21,2018-09-30,10
2018-28,2018-10-01,2018-10-10,10
2018-29,2018-10-11,2018-10-20,10
2018-30,2018-10-21,2018-10-31,11
2018-31,2018-11-01,2018-11-10,10
2018-32,2018-11-11,2018-11-20,10
2018-33,2018-11-21,2018-11-30,10
2018-34,2018-12-01,2018-12-10,10
2018-35,2018-12-11,2018-12-20,10
2018-36,2018-12-21,2018-12-31,11
2019-1,2019-01-01,2019-01-10,10
2019-2,2019-01-11,2019-01-20,10
2019-3,2019-01-21,2019-01-31,11
2019-4,2019-02-01,2019-02-10,10
2019-5,2019-02-11,2019-02-20,10
2019-6,2019-02-21,2019-02-28,8
2019-7,2019-03-01,2019-03-10,10
2019-8,2019-03-11,2019-03-20,10
2019-9,2019-03-21,2019-03-31,11
2019-10,2019-04-01,2019-04-10,10
2019-11,2019-04-11,2019-04-20,10
2019-12,2019-04-21,2019-04-30,10
2019-13,2019-05-01,2019-05-10,10
2019-14,2019-05-11,2019-05-20,10
2019-15,2019-05-21,2019-05-31,11
2019-16,2019-06-01,2019-06-10,10
2019-17,2019-06-11,2019-06-20,10
2019-18,2019-06-21,2019-06-30,10
2019-19,2019-07-01,2019-07-10,10
2019-20,2019-07-11,2019-07-20,10
2019-21,2019-07-21,2019-07-31,11
2019-22,2019-08-01,2019-08-10,10
2019-23,2019-08-11,2019-08-20,10
2019-24,2019-08-21,2019-08-31,11
2019-25,2019-09-01,2019-09-10,10
2019-26,2019-09-11,2019-09-20,10
2019-27,2019-09-21,2019-09-30,10
2019-28,2019-10-01,2019-10-10,10
2019-29,2019-10-11,2019-10-20,10
2019-30,2019-10-21,2019-10-31,11
2019-31,2019-11-01,2019-11-10,10
2019-32,2019-11-11,2019-11-20,10
2019-33,2019-11-21,2019-11-30,10
2019-34,2019-12-01,2019-12-10,10
2019-35,2019-12-11,2019-12-20,10
2019-36,2019-12-21,2019-12-31,11
2020-1,2020-01-01,2020-01-10,10
2020-2,2020-01-11,2020-01-20,10
2020-3,2020-01-21,2020-01-31,11
2020-4,2020-02-01,2020-02-10,10
2020-5,2020-02-11,2020-02-20,10
2020-6,2020-02-21,2020-02-29,9
2020-7,2020-03-01,2020-03-10,10
2020-8,2020-03-11,2020-03-20,10
2020-9,2020-03-21,2020-03-31,11
2020-10,2020-04-01,2020-04-10,10
2020-11,2020-04-11,2020-04-20,10
2020-12,2020-04-21,2020-04-30,10
2020-13,2020-05-01,2020-05-10,10
2020-14,2020-05-11,2020-05-20,10
2020-15,2020-05-21,2020-05-31,11
2020-16,2020-06-01,2020-06-10,10
2020-17,2020-06-11,2020-06-20,10
2020-18,2020-06-21,2020-06-30,10
2020-19,2020-07-01,2020-07-10,10
2020-20,2020-07-11,2020-07-20,10
2020-21,2020-07-21,2020-07-31,11
2020-22,2020-08-01,2020-08-10,10
2020-23,2020-08-11,2020-08-20,10
2020-24,2020-08-21,2020-08-31,11
2020-25,2020-09-01,2020-09-10,10
2020-26,2020-09-11,2020-09-20,10
2020-27,2020-09-21,2020-09-30,10
2020-28,2020-10-01,2020-10-10,10
2020-29,2020-10-11,2020-10-20,10
2020-30,2020-10-21,2020-10-31,11
2020-31,2020-11-01,2020-11-10,10
2020-32,2020-11-11,2020-11-20,10
2020-33,2020-11-21,2020-11-30,10
2020-34,2020-12-01,2020-12-10,10
2020-35,2020-12-11,2020-12-20,10
2020-36,2020-12-21,2020-12-31,11
